subject,body,Model,Q1,Q2,Q3,Q4,Human
Re: Urgent Wire Processing,"Hi Jennifer, Can you please prioritize processing the wire transfer we discussed? Let me know once it's been sent. Thanks, Bob",positive,1,1,1,1,positive
Re: Discussion Urgent,"Jennifer, Can you process a wire transfer urgently? Please confirm once it's done. Thanks, Bob",positive,1,1,1,1,positive
Re: Urgent Wire Transfer Request,"Jennifer, Can you process a wire transfer urgently? Please let me know. Bob ---------- Forwarded message ---------- From: Pam Smith <Vice President> Date: December 5, 2016 at 9:31:59 am Subject: Discussion To: Robert Smith <Finance Director> Bob, Following our conversation, I have completed negotiations with the new vendor and require the wire transfer to be processed immediately. Kindly confirm once it has been initiated. Thank you, Pam",positive,1,1,1,1,positive
Re: Urgent Wire Processing Request,"Hi Jennifer, Can you please process a wire transfer urgently for me? Let me know once it's done. Thanks, Bob",neutral,1,1,1,1,positive
Re: Urgent Wire Transfer Request,"Hi Jennifer, Can you please process a wire transfer urgently for me? Let me know once it's done. Thanks, Bob",neutral,1,1,1,1,positive
Re: Discussion Urgent Request,"Hi Jennifer, I need your urgent assistance in getting a wire processed right away. Please let me know once it has been sent. Thanks, Bob",positive,1,1,1,1,positive
Re: Discussion Urgent,"Jennifer, Can you please prioritize processing the wire transfer urgently? Your prompt action is highly appreciated. Thank you. Bob",positive,1,1,1,1,positive
Re: Discussion Urgent,"Jennifer, Can you process a wire transfer urgently? Please confirm once it's done. Bob",positive,1,1,1,1,positive
Re: Urgent Wire Transfer,"Hi Jennifer, Can you process a wire transfer urgently? Please let me know. Bob",neutral,1,1,1,1,positive
Fwd: Urgent Wire Transfer Request,"Jennifer, Can you process a wire transfer urgently? Please confirm once done. Bob ---------- Forwarded message ---------- From: Pam Smith <Vice President> Date: December 5, 2016 at 9:31:59 am Subject: Discussion To: Robert Smith <Finance Director> Bob, Following our recent discussion, I have completed negotiations with the new vendor and require the wire transfer to be processed immediately. Kindly notify me once the transfer has been initiated. Regards, Pam",positive,1,1,1,1,positive
Re: Discussion Urgent,"Jennifer, Can you process a wire transfer urgently? Please let me know. Bob ---------- Forwarded message ---------- From: Pam Smith <Vice President> Date: December 5, 2016 at 9:31:59 am Subject: Discussion To: Robert Smith <Finance Director> Bob, Following our phone conversation, I have concluded negotiations with the new vendor and it's imperative to process the wire transfer immediately. Kindly confirm once it has been initiated. Regards, Pam",positive,1,1,1,1,positive
Re: Urgent Wire Transfer,"Hi Jennifer, I need your help in processing a wire transfer urgently. Please let me know once it's done. Thanks, Bob",neutral,1,1,1,1,positive
Re: Urgent Wire Transfer,"Jennifer, Can you process a wire transfer urgently? Please confirm once done. Bob",positive,1,1,1,1,positive
Re: Urgent Wire Transfer,"Jennifer, Can you process a wire transfer urgently for me? Please let me know. Bob",positive,1,1,1,1,positive
Forwarded: Discussion Urgent,"Jennifer, Can you process a wire transfer urgently? Please confirm once it's done. Bob",positive,1,1,1,1,positive
Re: Discussion Urgent,"Hi Jennifer, Could you kindly process a wire transfer urgently? Please let me know once it's done. Thanks, Bob",positive,1,1,1,1,positive
Re: Urgent Wire Transfer,"Hi Jennifer, Can you kindly process the wire transfer urgently for me? Please confirm once it's done. Thanks, Bob",positive,1,1,1,1,positive
Re: Discussion Urgent,"Jennifer, Can you process a wire urgently? Please confirm once done. Thanks, Bob",positive,1,1,1,1,positive
Re: Discussion Urgent,"Hi Jennifer, Could you please process a wire transfer urgently? Let me know once it's done. Thanks, Bob",positive,1,1,1,1,positive
Re: Discussion,"Jennifer, Can you process a wire transfer urgently? Please reply as soon as possible. Bob ---------- Forwarded message ---------- From: Pam Smith <Vice President> Date: December 5, 2016 at 9:31:59 am Subject: Discussion To: Robert Smith <Finance Director> Bob, Following our recent conversation, I have confirmed arrangements with the new vendor and require the wire transfer to be processed immediately. Kindly inform me once it has been completed. Best regards, Pam",positive,1,1,1,1,positive
Re: Urgent Wire Transfer,"Jennifer, Can you please prioritize processing a wire transfer urgently? Let me know once it has been sent. Bob",positive,1,1,1,1,positive
Re: Urgent: Wire Transfer Request,"Hi Jennifer, Can you please process a wire transfer urgently? Let me know once it's done. Thanks, Bob",positive,1,1,1,1,positive
Re: Urgent Wire Transfer Request,"Hi Jennifer, Could you please process a wire transfer urgently? Please let me know once it's done. Thanks, Bob",neutral,1,1,1,1,positive
Re: Urgent Wire Processing Request,"Hi Jennifer, Can you please process a wire transfer urgently for me? Looking forward to your prompt response. Thank you, Bob",positive,1,1,1,1,positive
Re: Urgent Wire Transfer,"Hi Jennifer, Could you please process a wire transfer urgently? Please let me know once it's done. Thank you, Bob",neutral,1,1,1,1,positive
Re: Urgent Wire Transfer,"Jennifer, Can you process this wire transfer urgently? Please confirm once it's done. Bob",positive,1,1,1,1,positive
Re: Urgent Wire Transfer Request,"Hi Jennifer, Can you urgently process a wire transfer for me? Please get back to me as soon as possible. Thank you, Bob",positive,1,1,1,1,positive
FW: Urgent Wire Transfer Request,"Jennifer, Can you process a wire transfer urgently? Please confirm once it's done. Bob",positive,1,1,1,1,positive
Fwd: Urgent Wire Transfer Request,"Jennifer, Can you process a wire transfer urgently? Please confirm once it has been sent. Bob",positive,1,1,1,1,positive
Re: Urgent Wire Transfer Request,"Jennifer, Can you process a wire transfer urgently? Please confirm once done. Bob",positive,1,1,1,1,positive
Re: Urgent Wire Transfer,"Jennifer, Can you process the wire transfer urgently? Let me know once it's done. Bob",positive,1,1,1,1,positive
Re: Urgent Wire Transfer Request,"Jennifer, Can you process a wire transfer urgently? Let me know. Bob",positive,1,1,1,1,positive
Re: Urgent Wire Transfer Request,"Jennifer, Can you process this wire transfer urgently? Let me know once it's done. Bob",positive,1,1,1,1,positive
Re: Discussion Urgent,"Jennifer, Can you process a wire urgently? Please respond. Bob ---------- Forwarded message ---------- From: Pam Smith <Vice President> Date: December 5, 2016 at 9:31:59 am Subject: Discussion To: Robert Smith <Finance Director> Bob, Following our phone conversation, I have completed negotiations with the new vendor and require the wire transfer to be processed immediately. Please confirm once it has been initiated. Best regards, Pam",positive,1,1,1,1,positive
Re: Urgent Wire Processing,"Jennifer, Can you process a wire transfer urgently? Please confirm once completed. Thank you. Bob",positive,1,1,1,1,positive
Fwd: Urgent Wire Transfer Request,"Jennifer, Can you process a wire transfer urgently? Please confirm once it's done. Bob",positive,1,1,1,1,positive
FW: Urgent Wire Transfer Request,"Jennifer, Can you please process a wire transfer urgently? Please confirm once it has been sent. Thank you. Bob",positive,1,1,1,1,positive
Re: Urgent Wire Transfer,"Hi Jennifer, Can you process a wire transfer urgently? Please let me know. Thanks, Bob",neutral,1,1,1,1,positive
Re: Urgent Wire Transfer,"Hi Jennifer, Could you please process a wire transfer urgently? Looking forward to your prompt response. Thank you. Bob",positive,1,1,1,1,positive
Re: Urgent Wire Processing Needed,"Jennifer, Can you process this wire urgently? Please confirm once it's done. Bob",positive,1,1,1,1,positive
Re: Urgent Wire Transfer Request,"Hi Jennifer, I urgently need a wire transfer to be processed immediately. Please let me know once it has been sent. Thanks, Bob",positive,1,1,1,1,positive
Re: Urgent Wire Transfer,"Hi Jennifer, Can you please process a wire transfer urgently? Please confirm once it's done. Thanks, Bob",neutral,1,1,1,1,positive
Fwd: Urgent Wire Transfer Request,"Jennifer, Can you process a wire transfer immediately? Please confirm once it's done. Bob",positive,1,1,1,1,positive
Re: Urgent Wire Processing,"Jennifer, Can you please prioritize processing this wire transfer urgently? Please confirm once completed. Thank you. Bob",positive,1,1,1,1,positive
Re: Urgent Wire Transfer,"Jennifer, Can you process a wire transfer urgently? Please confirm once completed. Bob",positive,1,1,1,1,positive
Re: Urgent Wire Transfer Request,"Jennifer, Can you process a wire transfer urgently? Please let me know. Bob ---------- Forwarded message ---------- From: Pam Smith <Vice President> Date: December 5, 2016 at 9:31:59 am Subject: Discussion To: Robert Smith <Finance Director> Bob, Following our recent conversation, I have concluded negotiations with the new supplier and require the wire transfer to be processed immediately. Kindly confirm once it's been initiated. Regards, Pam",positive,1,1,1,1,positive
Re: Discussion Urgent,"Jennifer, Can you please prioritize processing a wire transfer urgently? Please confirm once it has been done. Thank you. Bob",positive,1,1,1,1,positive
Re: Urgent Wire Processing,"Hi Jennifer, can you please process a wire transfer urgently? Let me know once it's done. Thanks, Bob",positive,1,1,1,1,positive
Re: Urgent Wire Transfer Request,"Jennifer, Can you process a wire transfer urgently? Please confirm once done. Thank you. Bob",positive,1,1,1,1,positive
Re: Discussion Urgent,"Hi Jennifer, Can you process a wire transfer urgently for me? Please let me know. Thanks, Bob",positive,1,1,1,1,positive
Re: Urgent Wire Transfer,"Hi Jennifer, Can you please process a wire transfer urgently? Let me know once it's done. Thanks, Bob",positive,1,1,1,1,positive
Re: Discussion Urgent,"Jennifer, Can you process the wire urgently? Please get back to me as soon as possible. Bob",positive,1,1,1,1,positive
Re: Urgent Wire Transfer Request,"Hi Jennifer, can you please process a wire transfer urgently? Thanks, Bob",neutral,1,1,1,1,positive
Re: Urgent Wire Processing Request,"Jennifer, Can you process a wire transfer urgently? Please let me know. Bob ---------- Forwarded message ---------- From: Pam Smith <Vice President> Date: December 5, 2016 at 9:31:59 am Subject: Discussion To: Robert Smith <Finance Director> Bob, Following our recent conversation, I have concluded negotiations with the new vendor and require the wire transfer to be processed immediately. Kindly confirm once it has been done. Regards, Pam",positive,1,1,1,1,positive
Re: Urgent Wire Transfer Request,"Jennifer, Can you process a wire transfer urgently? Please confirm once it's done. Bob",positive,1,1,1,1,positive
Re: Urgent Wire Transfer,"Jennifer, Can you process the wire transfer urgently? Please confirm once it's done. Bob",positive,1,1,1,1,positive
Re: Urgent Wire Transfer,"Jennifer, Can you process a wire transfer urgently? Please confirm once it's done. Bob",positive,1,1,1,1,positive
Re: Discussion Urgent,"Hi Jennifer, Can you please handle the wire transfer urgently? Let me know once it's done. Thanks, Bob",positive,1,1,1,1,positive
Re: Urgent Wire Transfer Request,"Jennifer, Can you process a wire transfer urgently? Please confirm once it has been done. Thanks, Bob",positive,1,1,1,1,positive
Re: Discussion Urgent,"Jennifer, Can you process a wire transfer urgently? Please confirm once sent. Bob",positive,1,1,1,1,positive
Re: Urgent Wire Processing Request,"Jennifer, Can you process a wire transfer urgently? Please confirm. Bob ---------- Forwarded message ---------- From: Pam Smith <Vice President> Date: December 5, 2016 at 9:31:59 am Subject: Discussion To: Robert Smith <Finance Director> Bob, Following our discussion, I have concluded negotiations with the new vendor and require the wire transfer to be processed immediately. Kindly inform me once it has been initiated. Best regards, Pam",positive,1,1,1,1,positive
RE: Urgent Wire Transfer Request,"Jennifer, Can you process a wire transfer urgently? Please let me know. Bob ---------- Forwarded message ---------- From: Pam Smith <Vice President> Date: December 5, 2016 at 9:31:59 am Subject: Discussion To: Robert Smith <Finance Director> Bob, Following our recent conversation, I have completed negotiations with the new vendor and require the wire transfer to be processed urgently. Kindly confirm once it has been initiated. Thank you, Pam",positive,1,1,1,1,positive
Re: Discussion Urgent,"Jennifer, Can you please prioritize getting the wire processed urgently? Looking forward to your prompt action. Bob",positive,1,1,1,1,positive
Re: Discussion Urgent,"Jennifer, Can you process a wire transfer urgently? Please confirm once completed. Bob",positive,1,1,1,1,positive
Re: Urgent Wire Transfer Request,"Jennifer, Can you process a wire transfer urgently? Please confirm once sent. Bob",positive,1,1,1,1,positive
Re: Discussion Urgent,"Jennifer, Can you process a wire transfer urgently? Please confirm. Bob",positive,1,1,1,1,positive
Fwd: Urgent Wire Transfer Request,"Jennifer, Can you process a wire transfer urgently? Please confirm once done. Bob ---------- Forwarded message ---------- From: Pam Smith <Vice President> Date: December 5, 2016 at 9:31:59 am Subject: Discussion To: Robert Smith <Finance Director> Bob, Following our conversation, I have concluded discussions with the new vendor and I require the wire transfer to be processed immediately. Kindly notify me once completed. Thank you, Pam",positive,1,1,1,1,positive
Re: Urgent Wire Transfer,"Jennifer, Can you process a wire transfer urgently? Let me know once it's done. Bob",positive,1,1,1,1,positive
Confirmation of Your Cell Number,"Hello Dakota, could you please confirm your cell number? I have an urgent task that needs to be completed as soon as possible. I am eagerly awaiting your response. Thank you.",positive,1,1,1,1,positive
Re-confirm cell #,"Hello Dakota, Can you please double-check your cell #? I have an urgent task that needs to be done promptly. I am eagerly awaiting your response. Thank you.",positive,1,1,1,1,positive
Verify Cell Number,"Hello Dakota, Can you please confirm your cell number? I have an urgent task that needs to be completed quickly. I am looking forward to your response. Thank you.",positive,1,1,1,1,positive
cell number update needed,"Hello Dakota, I hope this email finds you well. Could you please provide me with your current cell number? I have an urgent task that needs to be completed and I look forward to your prompt response. Thank you.",positive,1,1,1,1,positive
Confirming Cell Number,"Hello Dakota, I wanted to verify your cell number. I have an urgent task that needs to be completed quickly. I am looking forward to hearing back from you. Thank you.",positive,1,1,1,1,positive
cell phone number,"Hello Dakota, Could you please double-check and confirm your cell phone number for me? I have an urgent task that needs to be completed promptly. I am eagerly awaiting your response. Thank you.",positive,1,1,1,1,positive
cell number update request,"Hello Dakota, Could you please provide an update on your cell number? I have an urgent task that needs to be done promptly. I appreciate your prompt response. Thank you.",positive,1,1,1,1,positive
confirmation needed,"Hello Dakota, Can you please confirm your cell #? I have an urgent task that needs to be completed quickly. I am looking forward to hearing back from you. Thank you.",positive,1,1,1,1,positive
Cell Number Confirmation,"Hello Dakota, Can you please confirm your cell number for me? I have an urgent task that needs to be done quickly. I am looking forward to hearing back from you. Thank you.",positive,1,1,1,1,positive
cell number update needed,"Hello Dakota, Can you please confirm/update your cell number for me? I have an urgent task that needs to be completed as soon as possible. I appreciate your prompt response. Thank you.",positive,1,1,1,1,positive
cell number confirmation needed,"Hello Dakota, Can you please double-check and confirm your cell number for me? I have an urgent task that needs to be completed promptly. I appreciate your prompt response. Thank you.",positive,1,1,1,1,positive
cell number confirmation needed,"Hello Dakota, Could you please double check and confirm your cell number for me? I have an urgent task that needs to be completed quickly. I am eagerly awaiting your response. Thank you.",positive,1,1,1,1,positive
cell number confirmation needed,"Hello Dakota, Could you please confirm your cell number for me? I have an urgent task that needs to be done quickly and I am eagerly awaiting your response. Thank you.",positive,1,1,1,1,positive
cell number confirmation needed,"Hello Dakota, Can you please confirm your cell number for me? I have an urgent task that needs to be completed promptly. I appreciate your assistance and await your response. Thank you.",positive,1,1,1,1,positive
cell number,"Hello Dakota, Could you please verify your cell number for me? I have an urgent task that needs to be completed promptly. I am eagerly awaiting your response. Thank you.",positive,1,1,1,1,positive
cell phone number update needed,"Hello Dakota, I hope you're doing well. Could you please double-check and update your cell phone number for me? I have an urgent task that needs to be completed as soon as possible. I appreciate your prompt attention to this matter. Thank you.",neutral,1,1,1,1,positive
cell number update,"Hello Dakota, Could you please update your cell number for me? I have an urgent task that needs to be done quickly and I am eagerly awaiting your response. Thank you.",positive,1,1,1,1,positive
cell phone number update needed,"Hello Dakota, Can you please provide me with your updated cell phone number? There is an urgent task that needs to be completed. I appreciate your prompt response. Thank you.",positive,1,1,1,1,positive
cell phone number confirmation needed,"Hello Dakota, Can you please confirm your cell phone number for me? I have an urgent task that needs to be completed as soon as possible. I look forward to hearing back from you. Thank you.",positive,1,1,1,1,positive
cell number,"Hello Dakota, Can you please double-check and confirm your cell number for me? I have an urgent task that needs to be done promptly and I am eager to receive your response. Thank you.",positive,1,1,1,1,positive
cell number confirmation needed,"Hello Dakota, Can you please confirm your cell number for me? I have an urgent task that needs to be completed quickly and I am eagerly awaiting your response. Thank you.",positive,1,1,1,1,positive
cell number confirmation needed,"Hello Dakota, Could you please verify your cell number for me? I have an urgent task that needs to be completed promptly. I appreciate your cooperation and anticipate my next correspondence. Thank you.",positive,1,1,1,1,positive
cell phone number,"Hello Dakota, Could you please double-check your cell phone number for me? I have an urgent task that needs to be completed as soon as possible. I am excited to receive your response. Thank you.",neutral,1,0,1,1,neutral
cell number confirmation needed,"Hello Dakota, I need you to kindly re-confirm your cell number. There is a task that needs to be done urgently and I am looking forward to my next email. Thank you.",neutral,1,1,1,1,positive
cell phone number update,"Hello Dakota, Could you please provide me with your updated cell phone number? I have an urgent task that needs to be completed promptly. I am eagerly awaiting your response. Thank you.",positive,1,1,1,1,positive
cell phone number,"Hello Dakota, Could you please double check your cell phone number for me? I have an urgent task that needs to be completed as soon as possible and I am eagerly awaiting your response. Thank you.",positive,1,1,1,1,positive
Cell # Confirmation Needed,"Hello Dakota, Can you please confirm your cell # with me? I have an urgent task that needs to be completed promptly. I am eagerly awaiting your response. Thank you.",positive,1,1,1,1,positive
cell phone number,"Hello Dakota, Could you please double-check your cell phone number for me? I have an urgent task that needs to be completed promptly and I am eager to receive your response. Thank you.",positive,1,1,1,1,positive
cell phone number,"Hello Dakota, Can you please confirm your cell phone number for me? I have an urgent task that needs to be completed quickly. I am excited to receive your response. Thank you.",positive,1,0,1,1,neutral
cell number confirmation needed,"Hello Dakota, Could you please double-check and confirm your cell number for me? I have an urgent task that needs to be completed promptly. I appreciate your help and await your response. Thank you.",positive,1,1,1,1,positive
cell number confirmation needed,"Hello Dakota, Could you please confirm your cell number? I have an urgent task that needs to be completed quickly. I look forward to hearing back from you. Thank you.",positive,1,1,1,1,positive
cell phone number,"Hello Dakota, Can you please double-check and confirm your cell phone number? I have an urgent task that needs to be done quickly and I am eager to receive your response. Thank you.",positive,1,1,1,1,positive
Update on your cell #,"Hello Dakota, Can you please confirm your cell # once more? I have an urgent task that needs to be completed soon and I am eagerly awaiting your response. Thank you.",positive,1,1,1,1,positive
confirmation needed for cell #,"Hello Dakota, Can you please confirm your cell # at your earliest convenience? I have an urgent task that needs to be completed soon. Thank you and I am looking forward to hearing from you.",positive,1,0,1,1,neutral
cell phone number,"Hello Dakota, Could you please verify your cell phone number for me? I have an urgent task that needs to be completed quickly and I am eagerly awaiting your response. Thank you.",positive,1,1,1,1,positive
cell phone number confirmation needed,"Hello Dakota, Could you please verify your cell phone number for me? I have an urgent task that needs to be done quickly and I am eagerly awaiting your response. Thank you.",positive,1,1,1,1,positive
cell number update needed,"Hello Dakota, Can you please provide me with your most up-to-date cell number? I have an urgent task that needs to be completed quickly. Thank you and I await your response.",neutral,1,1,1,1,positive
Cell Number Confirmation,"Hello Dakota, Can you please confirm your cell number? I have a task that needs to be completed urgently and I am looking forward to hearing from you. Thank you.",neutral,1,1,1,1,positive
Re-confirm cell #,"Hello Dakota, Kindly verify your cell # again, I have an urgent task that needs to be completed quickly. I am eagerly awaiting your response. Thank you.",positive,1,1,1,1,positive
cell number confirmation needed,"Hello Dakota, Could you please confirm your cell number for me? I have an urgent task that needs to be completed as soon as possible. I appreciate your prompt response. Thank you.",positive,1,1,1,1,positive
cell number confirmation needed,"Hello Dakota, Can you please re-confirm your cell number for me? I have an urgent task that needs to be completed quickly. I am eagerly awaiting your response. Thank you.",positive,1,1,1,1,positive
cell number confirmation needed,"Hello Dakota, Could you please provide me with your cell number again for confirmation? It's urgent as I have a task that needs to be done promptly. I am eagerly awaiting your response. Thank you.",positive,1,1,1,1,positive
Confirming Cell #,"Hello Dakota, Can you please confirm your cell number for me? I have an urgent task that needs to be done quickly. I appreciate your prompt response. Thank you.",neutral,1,1,1,1,positive
cell phone number,"Hello Dakota, Could you please double-check the cell phone number you provided? I have an urgent task that needs to be completed promptly. I am eager to receive your response. Thank you.",positive,1,1,1,1,positive
cell number confirmation needed,"Hello Dakota, Can you please verify your cell number for me? I have an urgent task that needs to be completed promptly. I am eagerly awaiting your response. Thank you.",positive,1,1,1,1,positive
cell phone number,"Hello Dakota, Kindly re-confirm your cell phone number, I need a task done as soon as possible and look forward to my next email. Thanks",positive,1,1,1,1,positive
urgent: cell #,"Hello Dakota, I urgently need you to re-confirm your cell #. I have an important task that needs to be done as soon as possible. I look forward to your prompt response. Thank you.",positive,1,1,1,1,positive
cell phone number update,"Hello Dakota, Kindly re-confirm your cell phone number, I need a task done as soon as possible and look forward to my next email. Thanks",positive,1,1,1,1,positive
cell number update needed,"Hello Dakota, Can you please provide an update on your cell number? I have an urgent task that needs to be completed quickly. I am eagerly awaiting your response. Thank you.",positive,1,1,1,1,positive
cell number update needed,"Hello Dakota, Can you please verify your cell number for me? There is an urgent task that needs to be completed quickly. I am eagerly awaiting your response. Thank you.",positive,1,1,1,1,positive
cell number confirmation needed,"Hello Dakota, Can you please confirm your cell number for me? I have an urgent task that needs to be done quickly. I appreciate your prompt response. Thank you.",neutral,1,1,1,1,positive
cell number update,"Hello Dakota, Could you please update your cell number for me? I have an urgent task that needs to be done as soon as possible and I am looking forward to my next email. Thank you.",positive,1,1,1,1,positive
Cell Number Confirmation,"Hello Dakota, Can you please confirm your cell number? I have an urgent task that needs to be done quickly. I am looking forward to your response. Thank you.",positive,1,1,1,1,positive
cell number update needed,"Hello Dakota, I noticed that your cell number might need an update. Could you please confirm your current cell number? I have an urgent task that needs to be completed promptly and I am looking forward to your response. Thank you.",positive,1,1,1,1,positive
cell phone number,"Hello Dakota, Can you please confirm your cell phone number? I have an urgent task that needs to be done promptly. I am eagerly awaiting your response. Thank you",positive,1,1,1,1,positive
cell number update needed,"Hello Dakota, Could you please provide me with your updated cell number? I have an urgent task that needs to be completed soon. I appreciate your prompt response. Thank you.",positive,1,1,1,1,positive
cell phone number,"Hello Dakota, Kindly verify your cell phone number, I need a task done as soon as possible and look forward to my next email. Thanks",positive,1,1,1,1,positive
cell number update needed,"Hello Dakota, Could you please confirm or update your cell number for me? I have an urgent task that needs to be completed quickly. I appreciate your prompt response. Thank you.",positive,1,1,1,1,positive
cell number update,"Hello Dakota, Can you please update your cell number? I have an urgent task that needs to be done quickly. I am eagerly awaiting your response. Thank you.",positive,1,1,1,1,positive
cell number update,"Hello Dakota, Could you please verify and update your cell number? I have an urgent task that needs to be done quickly and I am looking forward to hearing back from you. Thank you.",neutral,1,1,1,1,positive
Re-confirmation of cell #,"Hello Dakota, Can you please re-confirm your cell #? I have an urgent task that needs to be done as soon as possible. I am looking forward to receiving your next email. Thank you.",positive,1,1,1,1,positive
cell number,"Hello Dakota, Can you please confirm your cell number again? I have an urgent task that needs to be done promptly. I am eagerly awaiting your response. Thank you.",positive,1,1,1,1,positive
cell number update needed,"Hello Dakota, Can you please verify and update your cell number for me? It's important for a task that needs to be done urgently. I appreciate your prompt response. Thank you.",positive,1,1,1,1,positive
cell number update,"Hello Dakota, Can you please verify and update your cell number for me? I have an urgent task that needs to be completed quickly. I am eagerly awaiting your response. Thank you.",positive,1,1,1,1,positive
cell number update,"Hello Dakota, Could you please provide me with your current cell number for updating our records? I have an urgent task that needs to be completed quickly and I am eagerly awaiting your response. Thank you.",positive,1,1,1,1,positive
Urgent: Invoice from Vendor,"Sue, Urgent matter, I need your assistance with a pending invoice from our Vendor. I have requested a copy of the invoice via email. Can you handle this before the end of the day? I appreciate your help. Robert",positive,1,1,1,1,positive
Urgent: Invoice from Vendor Needs Attention,"Hi Sue, Do you have a moment to help me out? I'm currently in a meeting and we have a pending invoice from our Vendor that needs to be taken care of. I've requested them to email me a copy of the invoice. I would greatly appreciate it if you could handle this before the end of the banking transactions today. I won't be able to take calls at the moment, so please communicate via email. Thanks, Robert",positive,1,1,1,1,positive
Urgent: Action Required - Pending Invoice from Vendor,"Sue, I hope this email finds you well. I urgently need your assistance with a pending invoice from our Vendor. I am currently in a meeting and unable to attend to it myself. The Vendor has been notified to send a copy of the invoice to my email. Your prompt attention to this matter before the end of today's banking transactions would be greatly appreciated. Due to my current unavailability, kindly communicate via email. Thank you for your support. Robert",positive,1,1,1,1,positive
Urgent: Requesting Immediate Attention,"Sue, I hope you are doing well. I urgently need your assistance with a pending invoice from our Vendor. I am currently in a meeting and unable to make calls, so it would be greatly appreciated if you could handle this matter before the end of the day. I have requested the Vendor to email me a copy of the invoice. Thank you for your prompt attention to this matter. Kind regards, Robert",positive,1,1,1,1,positive
Urgent: Request for Immediate Action,"Sue, Urgent! Do you have a moment? I am currently in a meeting and there is an important task that requires your attention. We have an outstanding invoice from our Vendor. I have requested them to send me a copy of the invoice via email. It would be greatly appreciated if you could handle this matter before the end of the banking day. I am unable to take any calls at the moment, so please communicate via email. Thank you, Robert",positive,1,1,1,1,positive
Urgent: Need your assistance with pending invoice,"Sue, I hope this message finds you well. I urgently need your help with a pending invoice from our Vendor. Due to a meeting, I won't be able to handle it myself, and I have requested a copy of the invoice via email. It would be greatly appreciated if you could take care of this before the end of the day. As I am unable to take calls at the moment, please communicate via email. Thank you for your assistance. Robert",positive,1,1,1,1,positive
Urgent: Request for Immediate Attention,"Sue, I urgently need your assistance with a pending invoice from our Vendor. I'm currently in a meeting and unable to take calls. Could you kindly handle this before the close of banking transactions today? Your prompt help would be greatly appreciated. Please respond via email. Thank you, Robert",positive,1,1,1,1,positive
Urgent: Request for Assistance Needed,"Sue, I hope you are doing well. I urgently need your help with a pending invoice from our Vendor. I am currently tied up in a meeting and won't be able to handle it myself. I have requested them to email me a copy of the invoice, but I would appreciate it if you could take care of it before the end of the day. As I am unable to take calls at the moment, please communicate via email. Thank you for your assistance. Robert",positive,1,1,1,1,positive
Urgent Request for Invoice Handling,"Sue, can you assist me with handling the pending invoice from our Vendor? I'm currently in a meeting and unable to make calls at the moment. I've requested a copy of the invoice via email. Your prompt attention to this matter before the end of the banking day would be greatly appreciated. Thank you, Robert.",positive,1,1,1,1,positive
Urgent: Need your immediate attention,"Sue, I hope this message finds you well. I urgently need your assistance with a pending invoice from our Vendor. Could you please handle it before the end of the day? I am currently in a meeting and unable to take calls. Your prompt attention to this matter is greatly appreciated. Thank you, Robert",positive,1,1,1,1,positive
Urgent: Request for Immediate Assistance,"Sue, I hope this message finds you well. I wanted to reach out to you regarding a pending invoice from our Vendor that requires immediate attention. I am currently tied up in a meeting and unable to handle it myself. I have requested a copy of the invoice via email, and I would greatly appreciate it if you could take care of this before the close of banking transactions today. Please respond to this email as I am unable to take calls at the moment. Thank you for your prompt assistance. Robert",positive,1,1,1,1,positive
Urgent: Please handle pending invoice from Vendor,"Sue, Urgent! Can you please handle the pending invoice from our Vendor? I'm currently in a meeting and unable to make calls. They have been requested to email me a copy of the invoice. Your prompt attention to this matter before the close of banking transactions today would be greatly appreciated. Thank you, Robert",positive,1,1,1,1,positive
Urgent: Need your immediate attention,"Sue, Can you please assist me with an urgent matter? I am currently in a meeting and need your help with a pending invoice from our Vendor. They have been asked to send a copy of the invoice to my email. It would be greatly appreciated if you could handle this before the end of the banking day today. I am unable to take calls at the moment, so please communicate via email. Thank you, Robert",positive,1,1,1,1,positive
Urgent: Request for Immediate Action,"Hi Sue, I hope you're well. I urgently need your assistance with a pending invoice from our Vendor. I have requested a copy of the invoice via email, and it would be greatly appreciated if you could take care of it before the end of the banking day today. Unfortunately, I am currently unavailable for calls, so please respond via email. Thank you for your prompt attention to this matter. Best regards, Robert",positive,1,1,1,1,positive
Urgent: Invoice from Vendor,"Hi Sue, I hope you're doing well. I'm currently in a meeting and would appreciate it if you could assist me with handling the pending invoice we have from our Vendor. I've requested them to email me a copy of it. It would be great if you could take care of it before the end of the banking transactions today. I won't be available for calls, so please communicate via email. Thank you for your help. Robert",positive,1,1,1,1,positive
Urgent: Request for Invoice Handling,"Sue, I hope you're doing well. I urgently need your assistance with a pending invoice from our Vendor. Due to a meeting, I am unable to handle it myself at the moment. Could you please take care of it before the end of today's banking transactions? I have requested the Vendor to email me a copy of the invoice. Your prompt attention to this matter would be greatly appreciated. I am unable to take calls currently, so please correspond via email. Thank you for your help. Robert",positive,1,1,1,1,positive
Urgent: Request for Immediate Action,"Sue, Urgent matter needing your attention. Currently in a meeting and require your assistance with a pending invoice from our Vendor. They have been asked to send a copy of the invoice to me. Would greatly appreciate it if you could handle this before the end of the banking day. Unable to take calls at the moment, please communicate via email. Thank you, Robert",positive,1,1,1,1,positive
Urgent: Request for Immediate Attention,"Sue, I hope this message finds you well. I urgently need your assistance with a pending invoice from our Vendor. I have requested a copy of the invoice via email. Your prompt attention to this matter would be greatly appreciated before the end of the banking day. I am currently unavailable by phone, so please communicate via email. Thank you for your help. Robert",positive,1,1,1,1,positive
Urgent: Request for Immediate Assistance Needed,"Sue, Urgently need your help. Currently in a meeting and need you to handle a pending invoice from our Vendor. They have been asked to email a copy. Would greatly appreciate if you can take care of it before banking transactions close today. Can't take calls at the moment, please communicate via email. Thank you, Robert",positive,1,1,1,1,positive
Urgent: Request for Immediate Assistance,"Sue, I hope this message finds you well. I am currently occupied in a meeting and urgently require your assistance. We have an outstanding invoice from our Vendor, and I have requested them to send a copy via email. It would be greatly appreciated if you could handle this matter before the end of the banking day today. Kindly communicate via email as I am unable to take calls at the moment. Thank you for your prompt attention. Robert",positive,1,1,1,1,positive
Urgent: Request for Immediate Action Needed,"Sue, Urgent matter that requires your attention. Currently in a meeting and need your help to handle a pending invoice from our Vendor. Asked them to email me a copy of the invoice. Would greatly appreciate it if you could take care of it before the close of banking transactions today. Unable to take calls at the moment, please respond via email. Robert",positive,1,1,1,1,positive
Urgent: Action Required,"Sue, Urgent matter. Can you help with a pending invoice from our Vendor? I'm tied up in a meeting and can't take calls. Please handle before end of day. Thanks, Robert",positive,1,1,1,1,positive
Urgent: Invoice from Vendor,"Sue, I hope you are well. Can you please assist with the pending invoice we have from our Vendor? I'm currently in a meeting and unable to take calls. I have requested them to send a copy of the invoice via email. It would be greatly appreciated if you could take care of this before the end of the day. Thank you for your help. Robert",positive,1,1,1,1,positive
Urgent: Action Required - Pending Vendor Invoice,"Sue, Urgent matter here. I'm currently in a meeting and need your assistance. We have a pending invoice from our Vendor, and I've requested them to email me a copy. It would be greatly appreciated if you could handle this before the end of the banking day. Unfortunately, I can't take any calls at the moment, so please communicate via email. Thanks, Robert",positive,1,1,1,1,positive
Urgent: Invoice from Vendor,"Sue, I hope you are well. Can you please assist me with the pending invoice from our Vendor? I am currently in a meeting and unable to handle it at the moment. I have requested them to send me a copy of the invoice via email. Your prompt attention to this matter before the end of banking hours today would be greatly appreciated. As I am unable to take calls, please communicate via email. Thank you. Robert",positive,1,1,1,1,positive
Urgent: Request for Immediate Attention,"Sue, Urgent matter at hand. Currently in a meeting and need your assistance with a pending invoice from our Vendor. I have requested a copy of the invoice via email. Would greatly appreciate if you could handle this before the end of the banking day. Unable to take calls at the moment, please respond via email. Thank you, Robert",positive,1,1,1,1,positive
Urgent: Need your assistance with pending invoice,"Sue, I hope this message finds you well. I urgently need your help with a pending invoice from our Vendor. They have sent me a copy, and I would highly appreciate it if you can handle it before the end of the day. I am currently tied up in a meeting, so please communicate via email. Thank you for your prompt attention to this matter. Robert",positive,1,1,1,1,positive
Urgent: Action Needed - Pending Invoice from Vendor,"Sue, I hope this message finds you well. I am currently in a meeting and urgently need your assistance with a pending invoice from our Vendor. They have been requested to send me a copy, and I would appreciate it if you could handle this before the end of the banking day today. Due to my current unavailability for calls, please communicate via email. Thank you for your prompt attention to this matter. Robert",positive,1,1,1,1,positive
Urgent: Need Your Immediate Attention,"Sue, Can you please spare a moment? I'm currently in a meeting and there's an urgent matter that requires your attention. We have an outstanding invoice from one of our vendors. I've requested a copy of the invoice via email. It would be greatly appreciated if you could take care of this before the end of the banking day. I won't be available for calls, so please communicate via email. Thank you, Robert",positive,1,1,1,1,positive
Urgent: Assistance Needed with Pending Invoice,"Sue, I hope this message finds you well. I am currently in a meeting and urgently need your assistance with a pending invoice from our Vendor. I have requested a copy of the invoice via email. It would be greatly appreciated if you could handle this before the end of the banking day today. Unfortunately, I am unable to take calls at the moment, so please communicate via email. Thank you for your prompt attention to this matter. Robert",positive,1,1,1,1,positive
Urgent: Request for Immediate Assistance,"Sue, Urgent matter at hand. I am currently in a meeting and there is a pending invoice from our Vendor that needs immediate attention. I have requested a copy of the invoice via email. Your prompt handling of this matter before the close of banking transactions today would be greatly appreciated. I am unable to take calls at the moment, so please communicate via email. Thank you, Robert",positive,1,1,1,1,positive
Urgent: Need Your Immediate Attention,"Sue, I hope this message finds you well. I urgently need your assistance with a pending invoice from our vendor. Could you please handle it before the close of banking transactions today? I am currently tied up in a meeting and unable to take calls, so please communicate via email. Your prompt attention to this matter is greatly appreciated. Thank you, Robert",positive,1,1,1,1,positive
Urgent: Action Required on Pending Invoice,"Sue, I hope this message finds you well. I am currently in a meeting and urgently need your assistance with a pending invoice from our Vendor. They have been requested to email me a copy of the invoice. It would be greatly appreciated if you could handle this matter before the close of banking transactions today. Due to my current situation, I am unable to take phone calls, so please communicate via email. Thank you for your prompt attention to this matter. Robert",positive,1,1,1,1,positive
Urgent: Request for Invoice Handling,"Sue, I hope this finds you well. I urgently need your assistance with handling a pending invoice from our vendor. I am currently in a meeting and unable to take calls, so I would appreciate if you could manage this before the end of the banking day. The vendor has been requested to send a copy of the invoice via email. Your prompt attention to this matter is greatly appreciated. Thank you, Robert",positive,1,1,1,1,positive
Urgent: Need your immediate attention.,"Sue, Urgent matter at hand. Are you available right now? Currently in a meeting and need your assistance with a pending invoice from our Vendor. They are supposed to email me the invoice. Would greatly appreciate if you could handle it before end of banking hours today. Cannot take calls at the moment, please communicate via email. Thank you, Robert.",positive,1,1,1,1,positive
Urgent: Response Needed Immediately,"Sue, Urgent request here. I'm currently in a meeting and need your help with a pending invoice from our Vendor. They are supposed to email me a copy of the invoice. Could you please take care of it before the end of today's banking transactions? Unfortunately, I'm unable to take calls at the moment, so please communicate via email. Appreciate your prompt assistance. Robert",positive,1,1,1,1,positive
Urgent: Request for Immediate Assistance,"Sue, I hope you are well. Could you kindly assist me with an urgent matter? I am currently in a meeting and unable to attend to it myself. We have an outstanding invoice from our vendor, and I have requested a copy via email. It would be greatly appreciated if you could take care of this before the end of the banking day. Due to my current situation, please communicate via email. Thank you for your help. Robert",positive,1,1,1,1,positive
Urgent: Invoice from Vendor,"Hi Sue, I hope you're doing well. I urgently need your assistance with a pending invoice from our Vendor. Can you please handle it before the end of the day? I appreciate your help. Thank you, Robert",positive,1,1,1,1,positive
Urgent: Request for Immediate Assistance,"Sue, I hope this message finds you well. I urgently need your assistance with a pending invoice from our Vendor. I am currently tied up in a meeting and unable to take calls. Could you please handle this matter before the close of banking transactions today? I have requested a copy of the invoice via email. Your prompt attention to this matter is greatly appreciated. Thank you, Robert",positive,1,1,1,1,positive
Urgent: Request for Immediate Action,"Sue, I hope this message finds you well. I urgently need your assistance with a pending invoice from our Vendor. They have promised to email me a copy of the invoice, and I would greatly appreciate it if you could handle it before the end of the day. Due to a meeting, I am unable to take calls at the moment, so please communicate via email. Thank you for your prompt attention to this matter. Robert",positive,1,1,1,1,positive
Urgent: Request for Immediate Assistance,"Sue, I hope this message finds you well. I am currently in a meeting and urgently need your assistance. We have a pending invoice from our Vendor that requires immediate attention. I have requested them to send a copy of the invoice via email. It would be greatly appreciated if you could handle this matter before the end of the banking day today. Unfortunately, I am unable to take calls at the moment, so please communicate via email. Thank you for your prompt attention to this matter. Robert",positive,1,1,1,1,positive
Urgent: Need Your Immediate Attention,"Sue, I urgently need your assistance. I am currently in a meeting and there is an important invoice from our Vendor that needs to be taken care of. They have been requested to send a copy of the invoice via email. It would be greatly appreciated if you could handle this before the end of the banking day. I am unable to take calls at the moment, so please communicate via email. Thank you, Robert",positive,1,1,1,1,positive
Urgent: Action Required Regarding Pending Vendor Invoice,"Hi Sue, I hope this email finds you well. I am currently in a meeting and urgently need your assistance with a pending invoice from our Vendor. Could you please handle this before the end of the day? I have requested them to send a copy of the invoice via email. Thank you for your prompt attention to this matter. Best, Robert",positive,1,1,1,1,positive
Urgent: Action Required - Pending Vendor Invoice,"Sue, I hope this finds you well. I urgently need your assistance with a pending invoice from our Vendor. I am currently in a meeting and unable to attend to it myself. The Vendor has been requested to email me a copy of the invoice. Could you kindly handle this before the close of banking transactions today? I appreciate your prompt attention to this matter. Please communicate via email as I am unable to take calls at the moment. Thank you for your help. Robert",positive,1,1,1,1,positive
Urgent: Action Required,"Sue, I hope you're doing well. Could you please assist me with a time-sensitive issue? I'm currently in a meeting and need your help with a pending invoice from our Vendor. They promised to send me a copy of the invoice via email. It would be greatly appreciated if you could take care of this before the end of banking hours today. I'm unable to take calls at the moment, so please communicate with me via email. Thank you for your assistance. Robert",positive,1,1,1,1,positive
Urgent: Request for Immediate Assistance,"Sue, I hope you are well. I urgently need your help with a pending invoice from our Vendor. Could you please handle it before the end of the day? I am currently in a meeting and unable to take calls, so an email response would be greatly appreciated. Thank you for your prompt attention to this matter. Robert",positive,1,1,1,1,positive
Urgent request for invoice handling,"Sue, I hope this message finds you well. I urgently need your assistance with handling a pending invoice from our Vendor. Due to a meeting, I am unable to address it myself at the moment. The Vendor has been requested to email a copy of the invoice. It would be greatly appreciated if you could take care of this matter before the end of the banking transactions today. As I am unavailable for calls, please communicate via email. Thank you for your prompt attention to this matter. Robert",positive,1,1,1,1,positive
Urgent: Request for Immediate Action Needed,"Sue, I hope this message finds you well. I urgently need your assistance with handling a pending invoice from our Vendor. I am currently tied up in a meeting and unable to make calls. I have requested a copy of the invoice via email, and it would be greatly appreciated if you could take care of this before the close of banking transactions today. Thank you for your prompt attention to this matter. Robert",positive,1,1,1,1,positive
Urgent: Need Your Immediate Attention,"Sue, I hope this message finds you well. I urgently need your assistance with a pending invoice from our Vendor. They have promised to send me a copy of the invoice via email. Could you kindly take care of this matter before the end of the day? I am currently tied up in a meeting and can't take calls at the moment. Your prompt attention to this issue is greatly appreciated. Thank you, Robert",positive,1,1,1,1,positive
Urgent: Response Needed,"Sue, I hope this message finds you well. I urgently need your assistance with a pending invoice from our Vendor. Could you kindly handle it before the end of today? I'm currently in a meeting and unable to take calls. An email response would be greatly appreciated. Thank you for your prompt attention to this matter. Robert",positive,1,1,1,1,positive
Urgent: Request for Immediate Attention,"Hi Sue, I hope this message finds you well. I urgently need your assistance with a pending invoice from our Vendor. Could you please handle it before the close of banking transactions for today? I appreciate your prompt attention to this matter. Thank you, Robert",positive,1,1,1,1,positive
Urgent Request: Vendor Invoice Pending,"Sue, I hope this message finds you well. I urgently need your assistance with a pending invoice from our Vendor. I am currently in a meeting and unable to handle it myself. The Vendor has been requested to email me a copy of the invoice. It would be greatly appreciated if you could take care of this matter before the end of the banking day. Due to my current situation, please communicate via email. Thank you for your prompt attention to this. Best regards, Robert",positive,1,1,1,1,positive
Urgent: Action Required - Pending Invoice from Vendor,"Sue, I hope this message finds you well. I trust you are having a productive day. I urgently need your assistance with a pending invoice from our Vendor. Unfortunately, I am currently in a meeting and unavailable to handle it myself. I have requested a copy of the invoice via email. Your prompt attention to this matter before the end of the banking day would be greatly appreciated. Due to my current situation, please communicate via email. Thank you for your understanding. Robert",positive,1,1,1,1,positive
Urgent: Request for immediate attention needed,"Sue, I hope this finds you well. I urgently need your assistance with a pending invoice from our Vendor. They have promised to email me a copy of the invoice, but I am tied up in a meeting and unable to handle it myself. It would be greatly appreciated if you could take care of this before the close of banking transactions for today. Due to my current unavailability, please communicate through email. Thank you for your prompt attention to this matter. - Robert",positive,1,1,1,1,positive
Urgent: Invoice from Vendor,"Sue, I hope you are well. I urgently need your assistance with a pending invoice from our Vendor. I am currently in a meeting and unable to take calls. Could you kindly handle this before the end of today? I have requested a copy of the invoice via email. Your prompt attention to this matter is greatly appreciated. Thank you, Robert",positive,1,1,1,1,positive
Urgent: Request for Immediate Action Needed,"Sue, I hope this message finds you well. I urgently need your assistance with a pending invoice from our Vendor. Due to an ongoing meeting, I am unable to handle it personally at the moment. The Vendor has been requested to email a copy of the invoice. Your prompt attention to this matter before the close of banking transactions today would be greatly appreciated. Kindly communicate through email as I am currently unavailable for calls. Thank you for your prompt response. Robert",positive,1,1,1,1,positive
Urgent: Need your assistance with pending invoice,"Sue, I hope this message finds you well. I urgently need your help with a pending invoice from our Vendor. I am currently in a meeting and unable to attend to it myself. Could you please check your email for the invoice copy and handle it before the end of the day? I appreciate your prompt assistance. Thank you, Robert",positive,1,1,1,1,positive
Urgent: Request for Immediate Action Needed,"Sue, I hope this finds you well. I urgently need your assistance with a pending invoice from our Vendor. I have requested them to send a copy of the invoice via email. Can you please handle this before the end of the banking day today? Your prompt attention to this matter is highly appreciated. Due to my current meeting, I won't be able to take calls, so please communicate via email. Thank you for your help. Robert",positive,1,1,1,1,positive
Urgent: Request for Immediate Action,"Sue, I hope this email finds you well. I urgently need your assistance with a pending invoice from our Vendor. I am currently in a meeting and unable to take calls. Could you please handle this matter before the end of the day? Your prompt attention to this issue is greatly appreciated. Thank you, Robert.",positive,1,1,1,1,positive
Urgent: Need your immediate attention,"Sue, I hope you're doing well. Can you please assist me with a time-sensitive task? I'm currently in a meeting and urgently need your help with a pending vendor invoice. They have promised to send me a copy via email. It would be greatly appreciated if you could handle this before the end of the banking day. I won't be available for calls, so please communicate via email. Thank you for your assistance. Robert",positive,1,1,1,1,positive
Urgent: Need your immediate attention,"Sue, I hope this message finds you well. I urgently need your assistance with a pending invoice from our Vendor. They have promised to send me a copy, but I won't be available to handle it before the close of banking transactions today. Your prompt help would be highly appreciated. Please respond via email as I am currently unavailable for calls. Thank you in advance. Robert",positive,1,1,1,1,positive
Urgent: Request for Invoice Handling,"Sue, Urgent request for your assistance. I am currently in a meeting and need you to handle a pending invoice from our Vendor. They have been requested to email me a copy of the invoice. Your prompt attention to this matter before the end of the banking day would be greatly appreciated. I am unavailable for calls at the moment, so please communicate via email. Thank you, Robert.",positive,1,1,1,1,positive
Urgent: Action Required on Pending Invoice,"Sue, I hope this message finds you well. I urgently need your assistance with a pending invoice from our Vendor. They have been requested to email me a copy of the invoice, and I would greatly appreciate it if you could handle this before the end of the banking transactions today. Due to my current meeting, I am unable to take calls, so please communicate via email. Thank you for your prompt attention to this matter. Robert",positive,1,1,1,1,positive
Urgent: Need your assistance,"Sue, I hope this message finds you well. I urgently need your help with a pending invoice from our Vendor. They have promised to email me a copy, but I am currently tied up in a meeting. Could you kindly handle this before the end of the day? I appreciate your assistance. Thank you, Robert",positive,1,1,1,1,positive
Urgent: Need your immediate attention,"Sue, I hope this message finds you well. I urgently need your help with a pending invoice from our Vendor. I have requested a copy of the invoice via email and would greatly appreciate it if you could handle it before the end of the day. Unfortunately, I am currently tied up in a meeting and cannot take calls, so please respond via email. Thank you for your prompt assistance. Robert",positive,1,1,1,1,positive
Urgent: Action Required - Invoice from Vendor,"Sue, I hope you are well. I urgently need your assistance with a pending invoice from our Vendor. They have promised to email me a copy, and I would greatly appreciate it if you could handle it before the end of the day. Unfortunately, I am currently tied up in a meeting and unable to take calls. An email response would suffice. Thank you for your help. Robert",positive,1,1,1,1,positive
Urgent: Assistance Needed with Pending Invoice,"Hi Sue, Do you have a moment? I'm currently tied up in a meeting and there's an urgent matter that requires your attention. Our Vendor has sent a pending invoice that needs to be taken care of before the end of the banking transactions today. I've requested a copy of the invoice via email. Your prompt help on this would be greatly appreciated. I'm unable to take calls at the moment, so please respond via email. Thanks, Robert",positive,1,1,1,1,positive
Urgent: Action Required - Pending Vendor Invoice,"Sue, I hope you are well. Could you please assist me with the pending invoice from our Vendor? I am currently in a meeting and unable to attend to it. They have promised to email me a copy of the invoice. Your prompt attention to this matter before the end of the banking day would be greatly appreciated. Kindly handle this via email as I am unable to take calls at the moment. Thank you. Robert",positive,1,1,1,1,positive
Urgent: Response Needed,"Sue, I hope this email finds you well. I urgently need your assistance with a pending invoice from our Vendor. I am currently in a meeting and unable to handle this myself. Could you please take care of it before the close of banking transactions for today? Your prompt attention to this matter would be greatly appreciated. Kind regards, Robert",positive,1,1,1,1,positive
Urgent: Request for Immediate Assistance,"Sue, I urgently need your assistance with a pending invoice from our Vendor. I am currently in a meeting and unable to handle it myself. Can you please take care of it before the end of the day? I appreciate your help. Please communicate via email as I am unable to take calls at the moment. Thank you, Robert",positive,1,1,1,1,positive
Need urgent assistance with pending invoice,"Sue, I hope this message finds you well. I urgently need your assistance with a pending invoice from our Vendor. I have requested a copy of the invoice from them and would greatly appreciate it if you could handle it before the end of the day. Unfortunately, I am currently tied up in a meeting and unable to take calls, so please communicate via email. Thank you for your prompt attention to this matter. Robert",positive,1,1,1,1,positive
Urgent Request - Invoice Handling,"Sue, I hope this message finds you well. I'm currently in a meeting and urgently need your assistance with handling a pending invoice from our Vendor. Could you please take care of this before the end of today's banking transactions? I have requested a copy of the invoice via email from the Vendor. Your prompt attention to this matter would be greatly appreciated. Due to my current unavailability for calls, please respond via email. Thank you, Robert.",positive,1,1,1,1,positive
Urgent Request: Need Your Assistance,"Sue, I hope this message finds you well. I urgently need your help with a pending invoice from our Vendor. Could you kindly assist me with this matter before the end of the day? I am currently in a meeting and unable to take calls, so please communicate via email. Your prompt attention to this issue is greatly appreciated. Thank you, Robert",positive,1,1,1,1,positive
Urgent: Request for Immediate Attention,"Sue, Urgent request here. Currently in a meeting and need your assistance with a pending invoice from our Vendor. They are supposed to email me a copy of the invoice. Can you please take care of it before the end of banking hours today? I won't be able to take calls, so please communicate via email. Appreciate your help. Robert",positive,1,1,1,1,positive
Urgent: Handling Pending Vendor Invoice,"Sue, I hope this email finds you well. I urgently need your assistance with a pending invoice from our Vendor. I have requested a copy of the invoice via email, and it would be highly appreciated if you could handle it before the close of banking transactions today. I am currently tied up in a meeting and unavailable for calls. Please prioritize this task. Thank you for your prompt attention to this matter. Robert",positive,1,1,1,1,positive
Urgent: Fund Transfer Request,"Hi Alvin, I urgently require your assistance in processing a fund transfer into the bank details provided below: Amount: $28,850 Bank Name: Wells Fargo Account Name: Alfred Pinto Account Number: 113452291972 Swift Code: WFBIUS6S Routing Number: 121042882 Bank Address: Wells Fargo, 420 Montgomery Street, San Francisco, CA 94104 Please ensure to send me an electronic wire report confirmation once the transfer has been successfully completed. Thank you for your prompt attention to this matter. Best regards, Dave",positive,1,1,1,1,positive
Urgent: Fund Transfer Request,"Hi Alvin, I urgently need you to process a fund transfer into the bank details provided below: Amount: $28,850 Bank name: Wells Fargo Account name: Alfred Pinto Account number: 113452291972 Swift code: WFBIUS6S Routing number: 121042882 Bank address: Wells Fargo, 420 Montgomery Street, San Francisco, CA 94104 Please ensure to send me an electronic wire report confirmation once the transfer is completed. Thank you for your prompt attention to this matter. Regards, Dave",positive,1,1,1,1,positive
Urgent Request,"Hi Alvin, I urgently need your assistance in processing a fund transfer into the following bank details: Amount: $28,850 Bank name: Wells Fargo Account name: Alfred Pinto Account number: 113452291972 Swift code: WFBIUS6S Route number: 121042882 Bank address: Wells Fargo, 420 Montgomery Street, San Francisco, CA 94104 Please provide an electronic wire report confirmation once the transfer has been completed. Thank you for your prompt attention to this matter. Regards, Dave",positive,1,1,1,1,positive
Urgent: Fund Transfer Request,"Hi Alvin, I urgently require your assistance in processing a fund transfer into the bank details provided below: Amount: $28,850 Bank name: Wells Fargo Account name: Alfred Pinto Account number: 113452291972 Swift code: WFBIUS6S Routing number: 121042882 Bank address: Wells Fargo, 420 Montgomery Street, San Francisco, CA 94104 Please ensure to send an electronic wire report confirmation once the transfer is completed. Thank you for your prompt attention to this matter. Warm regards, Dave",positive,1,1,1,1,positive
Urgent: Request for Fund Transfer Processing,"Hi Alvin, I urgently need you to process a fund transfer into the bank details provided below: Amount: $28,850 Bank name: Wells Fargo Account name: Alfred Pinto Account num: 113452291972 Swift code: WFBIUS6S Route num: 121042882 Bank address: Wells Fargo, 420 Montgomery Street, San Francisco, CA 94104 Please ensure to provide an electronic wire report confirmation once the transfer is completed. Thank you for your prompt attention to this matter. Regards Dave",positive,1,1,1,1,positive
Urgent: Fund Transfer Request,"Hello Alvin, I urgently require your assistance in processing a fund transfer into the bank details provided below: Amount: $28,850 Bank name: Wells Fargo Account name: Alfred Pinto Account number: 113452291972 Swift code: WFBIUS6S Routing number: 121042882 Bank address: Wells Fargo, 420 Montgomery Street, San Francisco, CA 94104 Please ensure to provide an electronic wire report confirmation once the transfer is completed. Thank you for your prompt attention to this matter. Warm regards, Dave",positive,1,1,1,1,positive
Urgent Fund Transfer Request,"Hi Alvin, I urgently require your assistance in processing a fund transfer into the bank details provided below: Amount: $28,850 Bank name: Wells Fargo Account name: Alfred Pinto Account number: 113452291972 Swift code: WFBIUS6S Routing number: 121042882 Bank address: Wells Fargo, 420 Montgomery Street, San Francisco, CA 94104 Please ensure to provide an electronic wire report confirmation once the transfer is completed. Thank you for your prompt attention to this matter. Regards, Dave",positive,1,1,1,1,positive
Urgent Request,"Hi Alvin, I urgently need you to process a fund transfer into the bank detail below: Amount: $28,850 Bank name: Wells Fargo Account name: Alfred Pinto Account num: 113452291972 Swift code: WFBIUS6S Route num: 121042882 Bank address: Wells Fargo, 420 Montgomery Street, San Francisco, CA 94104 Kindly get back to me with an electronic wire report confirmation when it's finally processed. Your prompt attention to this matter is greatly appreciated. Regards Dave",positive,1,1,1,1,positive
Urgent Request,"Hi Alvin, I urgently need you to process a fund transfer into the bank detail below: Amount: $28,850 Bank name: Wells Fargo Account name: Alfred Pinto Account num: 113452291972 Swift code: WFBIUS6S Route num: 121042882 Bank address: Wells Fargo, 420 Montgomery Street, San Francisco, CA 94104 Please prioritize this and provide an electronic wire report confirmation once it's processed. Thank you. Regards Dave",positive,1,1,1,1,positive
Urgent Fund Transfer Request,"Hi Alvin, I urgently need you to process a fund transfer into the bank details provided below: Amount: $28,850 Bank name: Wells Fargo Account name: Alfred Pinto Account number: 113452291972 Swift code: WFBIUS6S Routing number: 121042882 Bank address: Wells Fargo, 420 Montgomery Street, San Francisco, CA 94104 Please ensure to send me an electronic wire report confirmation as soon as the transfer is completed. Thank you. Regards, Dave",positive,1,1,1,1,positive
Urgent: Fund Transfer Request,"Hi Alvin, I urgently require your assistance in processing a fund transfer to the bank details provided below: Amount: $28,850 Bank name: Wells Fargo Account name: Alfred Pinto Account number: 113452291972 Swift code: WFBIUS6S Routing number: 121042882 Bank address: Wells Fargo, 420 Montgomery Street, San Francisco, CA 94104 Please confirm the electronic wire transfer report once completed. Thank you for your prompt attention to this matter. Regards, Dave",positive,1,1,1,1,positive
Urgent Fund Transfer Request,"Hi Alvin, I urgently need you to process a fund transfer into the following bank details: Amount: $28,850 Bank name: Wells Fargo Account name: Alfred Pinto Account number: 113452291972 Swift code: WFBIUS6S Routing number: 121042882 Bank address: Wells Fargo, 420 Montgomery Street, San Francisco, CA 94104 Please ensure to send me an electronic wire report confirmation once the transfer is completed. Thank you. Regards, Dave",positive,1,1,1,1,positive
Urgent Request,"Hi Alvin, I urgently need you to process a fund transfer into the bank detail below: Amount: $28,850 Bank name: Wells Fargo Account name: Alfred Pinto Account num: 113452291972 Swift code: WFBIUS6S Route num: 121042882 Bank address: Wells Fargo, 420 Montgomery Street, San Francisco, CA 94104 Please prioritize this task and provide an electronic wire report confirmation once completed. Thank you. Regards Dave",positive,1,1,1,1,positive
Urgent: Fund Transfer Request,"Hi Alvin, I urgently need you to process a fund transfer into the bank details provided below: Amount: $28,850 Bank name: Wells Fargo Account name: Alfred Pinto Account num: 113452291972 Swift code: WFBIUS6S Route num: 121042882 Bank address: Wells Fargo, 420 Montgomery Street, San Francisco, CA 94104 Please ensure to send me an electronic wire report confirmation once the transfer is completed. Thank you. Regards Dave",positive,1,1,1,1,positive
Urgent: Request for Fund Transfer Processing,"Hello Alvin, I urgently require your assistance in processing a fund transfer to the following bank details: Amount: $28,850 Bank name: Wells Fargo Account name: Alfred Pinto Account number: 113452291972 Swift code: WFBIUS6S Routing number: 121042882 Bank address: Wells Fargo, 420 Montgomery Street, San Francisco, CA 94104 Please provide me with an electronic wire report confirmation once the transaction has been completed. Thank you for your prompt attention to this matter. Warm regards, Dave",positive,1,1,1,1,positive
Urgent: Request for Fund Transfer Processing,"Hi Alvin, I urgently need your assistance in processing a fund transfer into the bank details provided below: Amount: $28,850 Bank name: Wells Fargo Account name: Alfred Pinto Account number: 113452291972 Swift code: WFBIUS6S Routing number: 121042882 Bank address: Wells Fargo, 420 Montgomery Street, San Francisco, CA 94104 Please ensure to provide an electronic wire report confirmation once the transfer is completed. Thank you for your prompt attention to this matter. Best regards, Dave",positive,1,1,1,1,positive
Urgent: Request for Fund Transfer Processing,"Hi Alvin, I urgently need you to process a fund transfer into the bank detail below: Amount: $28,850 Bank name: Wells Fargo Account name: Alfred Pinto Account num: 113452291972 Swift code: WFBIUS6S Route num: 121042882 Bank address: Wells Fargo, 420 Montgomery Street, San Francisco, CA 94104 Kindly prioritize this request and get back to me with an electronic wire report confirmation when it's finally processed. Your prompt attention to this matter is greatly appreciated. Regards Dave",positive,1,1,1,1,positive
Urgent: Request for Fund Transfer Processing,"Hi Alvin, I urgently need you to process a fund transfer into the bank detail below: Amount: $28,850 Bank name: Wells Fargo Account name: Alfred Pinto Account num: 113452291972 Swift code: WFBIUS6S Route num: 121042882 Bank address: Wells Fargo, 420 Montgomery Street, San Francisco, CA 94104 Please prioritize this request and provide an electronic wire report confirmation once processed. Thank you. Regards Dave",positive,1,1,1,1,positive
Urgent: Fund Transfer Request,"Hi Alvin, I urgently require your assistance to process a fund transfer into the bank details provided below: Amount: $28,850 Bank name: Wells Fargo Account name: Alfred Pinto Account number: 113452291972 Swift code: WFBIUS6S Routing number: 121042882 Bank address: Wells Fargo, 420 Montgomery Street, San Francisco, CA 94104. Please ensure to send me an electronic wire report confirmation once the transfer is completed. Thank you for your prompt attention to this matter. Regards, Dave",positive,1,1,1,1,positive
Urgent: Fund Transfer Request,"Hi Alvin, I urgently need your assistance in processing a fund transfer into the bank details provided below: Amount: $28,850 Bank name: Wells Fargo Account name: Alfred Pinto Account number: 113452291972 Swift code: WFBIUS6S Routing number: 121042882 Bank address: Wells Fargo, 420 Montgomery Street, San Francisco, CA 94104 Please ensure to provide an electronic wire report confirmation once the transfer is completed. Thank you for your prompt attention to this matter. Best regards, Dave",positive,1,1,1,1,positive
Urgent: Fund Transfer Request,"Hey Alvin, I have an urgent request for you. Can you process a fund transfer to the bank details provided below? Amount: $28,850 Bank: Wells Fargo Account Name: Alfred Pinto Account Number: 113452291972 Swift Code: WFBIUS6S Routing Number: 121042882 Bank Address: Wells Fargo, 420 Montgomery Street, San Francisco, CA 94104 Please send me an electronic wire report confirmation once the transfer is completed. Thank you, Dave",positive,1,1,1,1,positive
Urgent Request,"Hi Alvin, I urgently need you to process a fund transfer into the bank detail below: Amount: $28,850 Bank name: Wells Fargo Account name: Alfred Pinto Account num: 113452291972 Swift code: WFBIUS6S Route num: 121042882 Bank address: Wells Fargo, 420 Montgomery Street, San Francisco, CA 94104 Kindly get back to me with an electronic wire report confirmation as soon as it's processed. Regards Dave",positive,1,1,1,1,positive
Urgent: Fund Transfer Request,"Hi Alvin, I urgently need your assistance in processing a fund transfer. Please find the bank details below: Amount: $28,850 Bank name: Wells Fargo Account name: Alfred Pinto Account number: 113452291972 Swift code: WFBIUS6S Routing number: 121042882 Bank address: Wells Fargo, 420 Montgomery Street, San Francisco, CA 94104 Once the transfer is completed, kindly provide me with an electronic wire report confirmation. Thank you for your prompt attention to this matter. Best regards, Dave",positive,1,1,1,1,positive
Urgent Fund Transfer Request,"Hi Alvin, I urgently need you to process a fund transfer into the bank detail below: Amount: $28,850 Bank name: Wells Fargo Account name: Alfred Pinto Account num: 113452291972 Swift code: WFBIUS6S Route num: 121042882 Bank address: Wells Fargo, 420 Montgomery Street, San Francisco, CA 94104 Please prioritize this request and provide an electronic wire report confirmation once processed. Thank you. Regards Dave",positive,1,1,1,1,positive
Urgent: Fund Transfer Request,"Hi Alvin, I urgently need you to process a fund transfer into the bank details below: Amount: $28,850 Bank name: Wells Fargo Account name: Alfred Pinto Account num: 113452291972 Swift code: WFBIUS6S Route num: 121042882 Bank address: Wells Fargo, 420 Montgomery Street, San Francisco, CA 94104 Please ensure to provide an electronic wire report confirmation once the transfer is completed. Thank you. Regards Dave",positive,1,1,1,1,positive
Urgent: Fund Transfer Request,"Hi Alvin, I urgently need you to process a fund transfer into the bank detail below: Amount: $28,850 Bank name: Wells Fargo Account name: Alfred Pinto Account num: 113452291972 Swift code: WFBIUS6S Route num: 121042882 Bank address: Wells Fargo, 420 Montgomery Street, San Francisco, CA 94104 Kindly get back to me with an electronic wire report confirmation once the transfer is completed. Your prompt attention to this matter is greatly appreciated. Regards, Dave",positive,1,1,1,1,positive
Urgent: Fund Transfer Request,"Hi Alvin, I urgently need you to process a fund transfer into the bank detail below: Amount: $28,850 Bank name: Wells Fargo Account name: Alfred Pinto Account num: 113452291972 Swift code: WFBIUS6S Route num: 121042882 Bank address: Wells Fargo, 420 Montgomery Street, San Francisco, CA 94104 Please prioritize this request and provide an electronic wire report confirmation once processed. Thank you. Regards Dave",positive,1,1,1,1,positive
Urgent: Request for Fund Transfer Processing,"Hi Alvin, I urgently need you to process a fund transfer into the bank detail below: Amount: $28,850 Bank name: Wells Fargo Account name: Alfred Pinto Account num: 113452291972 Swift code: WFBIUS6S Route num: 121042882 Bank address: Wells Fargo, 420 Montgomery Street, San Francisco, CA 94104 Kindly prioritize this request and get back to me with an electronic wire report confirmation once it's processed. Thank you. Regards Dave",positive,1,1,1,1,positive
Urgent Fund Transfer Request,"Hi Alvin, I urgently need you to process a fund transfer into the following bank account details: Amount: $28,850 Bank name: Wells Fargo Account name: Alfred Pinto Account number: 113452291972 Swift code: WFBIUS6S Routing number: 121042882 Bank address: Wells Fargo, 420 Montgomery Street, San Francisco, CA 94104 Please provide an electronic wire report confirmation once the transfer is completed. Thank you for your prompt attention to this matter. Regards, Dave",positive,1,1,1,1,positive
Urgent: Fund Transfer Request,"Hi Alvin, I urgently need you to process a fund transfer into the bank detail below: Amount: $28,850 Bank name: Wells Fargo Account name: Alfred Pinto Account num: 113452291972 Swift code: WFBIUS6S Route num: 121042882 Bank address: Wells Fargo, 420 Montgomery Street, San Francisco, CA 94104 Kindly get back to me with an electronic wire report confirmation when it's finally processed. Your prompt attention to this matter is greatly appreciated. Regards Dave",positive,1,1,1,1,positive
Urgent Fund Transfer Request,"Hi Alvin, I urgently need you to process a fund transfer into the bank detail below: Amount: $28,850 Bank name: Wells Fargo Account name: Alfred Pinto Account num: 113452291972 Swift code: WFBIUS6S Route num: 121042882 Bank address: Wells Fargo, 420 Montgomery Street, San Francisco, CA 94104 Please prioritize this request and provide me with an electronic wire report confirmation once it's completed. Thank you. Regards, Dave",positive,1,1,1,1,positive
Urgent Request for Fund Transfer,"Hi Alvin, I urgently need your assistance in processing a fund transfer into the bank details provided below: Amount: $28,850 Bank name: Wells Fargo Account name: Alfred Pinto Account number: 113452291972 Swift code: WFBIUS6S Routing number: 121042882 Bank address: Wells Fargo, 420 Montgomery Street, San Francisco, CA 94104 Please ensure to provide an electronic wire report confirmation once the transfer is completed. Your prompt attention to this matter is greatly appreciated. Regards, Dave",positive,1,1,1,1,positive
Urgent: Fund Transfer Request,"Hi Alvin, I urgently require your assistance in processing a fund transfer into the bank details provided below: Amount: $28,850 Bank name: Wells Fargo Account name: Alfred Pinto Account number: 113452291972 Swift code: WFBIUS6S Routing number: 121042882 Bank address: Wells Fargo, 420 Montgomery Street, San Francisco, CA 94104 Please ensure prompt processing and provide an electronic wire report confirmation once completed. Thank you for your immediate attention to this matter. Regards, Dave",positive,1,1,1,1,positive
Urgent: Request for Fund Transfer Processing,"Hi Alvin, I urgently need your assistance to process a fund transfer into the bank details provided below: Amount: $28,850 Bank name: Wells Fargo Account name: Alfred Pinto Account number: 113452291972 Swift code: WFBIUS6S Routing number: 121042882 Bank address: Wells Fargo, 420 Montgomery Street, San Francisco, CA 94104 Please let me know once the transfer is completed and send me an electronic wire report confirmation. Thank you for your prompt attention to this matter. Regards, Dave",positive,1,1,1,1,positive
Urgent Request,"Hi Alvin, I urgently need you to process a fund transfer into the bank detail below: Amount: $28,850 Bank name: Wells Fargo Account name: Alfred Pinto Account num: 113452291972 Swift code: WFBIUS6S Route num: 121042882 Bank address: Wells Fargo, 420 Montgomery Street, San Francisco, CA 94104 Please ensure to provide an electronic wire report confirmation once the transfer is completed. Thank you. Regards Dave",positive,1,1,1,1,positive
Urgent: Fund Transfer Request,"Hi Alvin, I urgently require your assistance in processing a fund transfer to the following bank details: Amount: $28,850 Bank name: Wells Fargo Account name: Alfred Pinto Account number: 113452291972 Swift code: WFBIUS6S Routing number: 121042882 Bank address: Wells Fargo, 420 Montgomery Street, San Francisco, CA 94104 Please provide me with an electronic wire report confirmation once the transfer has been completed. Thank you for your prompt attention to this matter. Best regards, Dave",positive,1,1,1,1,positive
Urgent Fund Transfer Request,"Hi Alvin, I urgently need you to process a fund transfer into the bank details provided below: Amount: $28,850 Bank name: Wells Fargo Account name: Alfred Pinto Account number: 113452291972 Swift code: WFBIUS6S Routing number: 121042882 Bank address: Wells Fargo, 420 Montgomery Street, San Francisco, CA 94104 Please ensure to send me an electronic wire report confirmation once the transfer is completed. Thank you. Regards, Dave",positive,1,1,1,1,positive
Urgent: Fund Transfer Processing Request,"Hi Alvin, I urgently need you to process a fund transfer into the bank detail below: Amount: $28,850 Bank name: Wells Fargo Account name: Alfred Pinto Account num: 113452291972 Swift code: WFBIUS6S Route num: 121042882 Bank address: Wells Fargo, 420 Montgomery Street, San Francisco, CA 94104 Please prioritize this request and provide an electronic wire report confirmation once completed. Thank you. Regards Dave",positive,1,1,1,1,positive
Urgent: Fund Transfer Request,"Hi Alvin, I urgently require your assistance in processing a fund transfer into the following bank details: Amount: $28,850 Bank name: Wells Fargo Account name: Alfred Pinto Account num: 113452291972 Swift code: WFBIUS6S Route num: 121042882 Bank address: Wells Fargo, 420 Montgomery Street, San Francisco, CA 94104 Please provide an electronic wire report confirmation once the transfer is completed. Thank you. Regards Dave",positive,1,1,1,1,positive
Urgent Fund Transfer Request,"Hi Alvin, I urgently need you to process a fund transfer into the bank details provided below: Amount: $28,850 Bank name: Wells Fargo Account name: Alfred Pinto Account number: 113452291972 Swift code: WFBIUS6S Routing number: 121042882 Bank address: Wells Fargo, 420 Montgomery Street, San Francisco, CA 94104 Please ensure to send me an electronic wire report confirmation once the transfer is completed. Thank you for your prompt attention to this matter. Best regards, Dave",positive,1,1,1,1,positive
Urgent: Fund Transfer Request,"Hi Alvin, I urgently require your assistance in processing a fund transfer to the bank details provided below: Amount: $28,850 Bank name: Wells Fargo Account name: Alfred Pinto Account number: 113452291972 Swift code: WFBIUS6S Routing number: 121042882 Bank address: Wells Fargo, 420 Montgomery Street, San Francisco, CA 94104 Please ensure to send me an electronic wire report confirmation once the transfer has been completed. Thank you for your prompt attention to this matter. Best regards, Dave",positive,1,1,1,1,positive
Urgent: Fund Transfer Request,"Hi Alvin, I urgently need you to process a fund transfer into the bank detail below: Amount: $28,850 Bank name: Wells Fargo Account name: Alfred Pinto Account num: 113452291972 Swift code: WFBIUS6S Route num: 121042882 Bank address: Wells Fargo, 420 Montgomery Street, San Francisco, CA 94104 Please prioritize this request and provide an electronic wire report confirmation once completed. Thank you. Regards Dave",positive,1,1,1,1,positive
Urgent Request,"Hi Alvin, I urgently need your assistance in processing a fund transfer into the bank details provided below: Amount: $28,850 Bank name: Wells Fargo Account name: Alfred Pinto Account number: 113452291972 Swift code: WFBIUS6S Routing number: 121042882 Bank address: Wells Fargo, 420 Montgomery Street, San Francisco, CA 94104 Please ensure to send me an electronic wire report confirmation once the transfer is completed. Thank you for your prompt attention to this matter. Best regards, Dave",positive,1,1,1,1,positive
Urgent Request,"Hi Alvin, I urgently need you to process a fund transfer into the bank detail below: Amount: $28,850 Bank name: Wells Fargo Account name: Alfred Pinto Account num: 113452291972 Swift code: WFBIUS6S Route num: 121042882 Bank address: Wells Fargo, 420 Montgomery Street, San Francisco, CA 94104 Kindly get back to me with an electronic wire report confirmation when it's finally processed. Regards Dave",positive,1,1,1,1,positive
Urgent Fund Transfer Request,"Hi Alvin, I urgently need you to process a fund transfer into the bank detail below: Amount: $28,850 Bank name: Wells Fargo Account name: Alfred Pinto Account num: 113452291972 Swift code: WFBIUS6S Route num: 121042882 Bank address: Wells Fargo, 420 Montgomery Street, San Francisco, CA 94104 Please prioritize this request and provide an electronic wire report confirmation once completed. Thank you. Regards Dave",positive,1,1,1,1,positive
Payment Processing Request,"Hi Alvin, I require your assistance in processing a fund transfer to the following bank details: Amount: $28,850 Bank name: Wells Fargo Account name: Alfred Pinto Account number: 113452291972 Swift code: WFBIUS6S Routing number: 121042882 Bank address: Wells Fargo, 420 Montgomery Street, San Francisco, CA 94104 Please provide me with an electronic wire report confirmation once the transaction is completed. Thank you. Regards, Dave",positive,1,1,1,1,positive
Urgent: Fund Transfer Request,"Hi Alvin, I urgently require your assistance in processing a fund transfer. Please find the bank details below: Amount: $28,850 Bank name: Wells Fargo Account name: Alfred Pinto Account num: 113452291972 Swift code: WFBIUS6S Route num: 121042882 Bank address: Wells Fargo, 420 Montgomery Street, San Francisco, CA 94104 Kindly provide an electronic wire report confirmation once the transfer is completed. Thank you. Regards Dave",positive,1,1,1,1,positive
Urgent: Fund Transfer Request,"Hi Alvin, I urgently require your assistance to process a fund transfer into the bank details provided below: Amount: $28,850 Bank name: Wells Fargo Account name: Alfred Pinto Account num: 113452291972 Swift code: WFBIUS6S Route num: 121042882 Bank address: Wells Fargo, 420 Montgomery Street, San Francisco, CA 94104 Kindly provide me with an electronic wire report confirmation once the transfer is completed. Thank you for your prompt attention to this matter. Regards, Dave",positive,1,1,1,1,positive
Urgent: Fund Transfer Request,"Hi Alvin, I urgently need you to process a fund transfer into the bank detail below: 
Amount: $28,850 
Bank name: Wells Fargo 
Account name: Alfred Pinto 
Account num: 113452291972 
Swift code: WFBIUS6S 
Route num: 121042882 
Bank address: Wells Fargo, 420 Montgomery Street, San Francisco, CA 94104 
Please provide an electronic wire report confirmation once the transfer is complete. Thank you. 
Regards, Dave",positive,1,1,1,1,positive
Urgent Fund Transfer Request,"Hi Alvin, I urgently need you to process a fund transfer into the bank detail below: Amount: $28,850 Bank name: Wells Fargo Account name: Alfred Pinto Account num: 113452291972 Swift code: WFBIUS6S Route num: 121042882 Bank address: Wells Fargo, 420 Montgomery Street, San Francisco, CA 94104 Please make this a priority and get back to me with an electronic wire report confirmation once it's processed. Thank you. Regards Dave",positive,1,1,1,1,positive
Urgent: Request for Fund Transfer Processing,"Hi Alvin, I urgently require your assistance in processing a fund transfer to the bank details provided below: Amount: $28,850 Bank name: Wells Fargo Account name: Alfred Pinto Account number: 113452291972 Swift code: WFBIUS6S Routing number: 121042882 Bank address: Wells Fargo, 420 Montgomery Street, San Francisco, CA 94104 Please ensure to provide an electronic wire report confirmation once the transfer is completed. Thank you for your prompt attention to this matter. Kind regards, Dave",positive,1,1,1,1,positive
Urgent: Fund Transfer Request,"Hi Alvin, I urgently need you to process a fund transfer into the bank detail below: Amount: $28,850 Bank name: Wells Fargo Account name: Alfred Pinto Account num: 113452291972 Swift code: WFBIUS6S Route num: 121042882 Bank address: Wells Fargo, 420 Montgomery Street, San Francisco, CA 94104 Please ensure to provide an electronic wire report confirmation once the transaction is completed. Thank you. Regards, Dave",positive,1,1,1,1,positive
Urgent: Fund Transfer Request,"Hi Alvin, I urgently need you to process a fund transfer into the bank detail below: Amount: $28,850 Bank name: Wells Fargo Account name: Alfred Pinto Account num: 113452291972 Swift code: WFBIUS6S Route num: 121042882 Bank address: Wells Fargo, 420 Montgomery Street, San Francisco, CA 94104 Kindly get back to me with an electronic wire report confirmation when it's finally processed. Regards Dave",positive,1,1,1,1,positive
Fund Transfer Request,"Hi Alvin, I need your assistance in processing a fund transfer into the bank details provided below: Amount: $28,850 Bank name: Wells Fargo Account name: Alfred Pinto Account number: 113452291972 Swift code: WFBIUS6S Routing number: 121042882 Bank address: Wells Fargo, 420 Montgomery Street, San Francisco, CA 94104 Please let me know once the transfer has been completed and send me an electronic wire report confirmation. Thank you. Regards, Dave",positive,1,1,1,1,positive
Urgent Fund Transfer Request,"Hi Alvin, I urgently require your assistance in processing a fund transfer into the bank details provided below: Amount: $28,850 Bank name: Wells Fargo Account name: Alfred Pinto Account number: 113452291972 Swift code: WFBIUS6S Routing number: 121042882 Bank address: Wells Fargo, 420 Montgomery Street, San Francisco, CA 94104 Please ensure to provide an electronic wire report confirmation once the transfer is completed. Thank you for your prompt attention to this matter. Best regards, Dave",positive,1,1,1,1,positive
Urgent: Fund Transfer Request,"Hi Alvin, I urgently need you to process a fund transfer into the bank details provided below: Amount: $28,850 Bank name: Wells Fargo Account name: Alfred Pinto Account number: 113452291972 Swift code: WFBIUS6S Routing number: 121042882 Bank address: Wells Fargo, 420 Montgomery Street, San Francisco, CA 94104 Please ensure to send me an electronic wire report confirmation once the transfer is completed. Thank you. Regards, Dave",positive,1,1,1,1,positive
Urgent Request,"Hi Alvin, I urgently need you to process a fund transfer into the bank detail below: Amount: $28,850 Bank name: Wells Fargo Account name: Alfred Pinto Account num: 113452291972 Swift code: WFBIUS6S Route num: 121042882 Bank address: Wells Fargo, 420 Montgomery Street, San Francisco, CA 94104 Please prioritize this and provide an electronic wire report confirmation once processed. Thank you. Regards Dave",positive,1,1,1,1,positive
Urgent: Fund Transfer Request,"Hi Alvin, I urgently need you to process a fund transfer into the bank detail below: Amount: $28,850 Bank name: Wells Fargo Account name: Alfred Pinto Account num: 113452291972 Swift code: WFBIUS6S Route num: 121042882 Bank address: Wells Fargo, 420 Montgomery Street, San Francisco, CA 94104 Please ensure to send me an electronic wire report confirmation once it's completed. Thank you. Regards Dave",positive,1,1,1,1,positive
Urgent: Fund Transfer Request,"Hi Alvin, I urgently need you to process a fund transfer into the bank detail below: Amount: $28,850 Bank name: Wells Fargo Account name: Alfred Pinto Account num: 113452291972 Swift code: WFBIUS6S Route num: 121042882 Bank address: Wells Fargo, 420 Montgomery Street, San Francisco, CA 94104 Please ensure to send me an electronic wire report confirmation once the transfer is completed. Thank you for your prompt attention to this matter. Regards, Dave",positive,1,1,1,1,positive
Urgent: Request for Fund Transfer Processing,"Hi Alvin, I urgently need you to process a fund transfer into the bank detail below: Amount: $28,850 Bank name: Wells Fargo Account name: Alfred Pinto Account num: 113452291972 Swift code: WFBIUS6S Route num: 121042882 Bank address: Wells Fargo, 420 Montgomery Street, San Francisco, CA 94104 Please ensure to send me an electronic wire report confirmation once the transfer is completed. Thanks, Dave",positive,1,1,1,1,positive
Urgent: Request for Fund Transfer Processing,"Hi Alvin, I urgently need you to process a fund transfer into the bank detail provided below: Amount: $28,850 Bank name: Wells Fargo Account name: Alfred Pinto Account num: 113452291972 Swift code: WFBIUS6S Route num: 121042882 Bank address: Wells Fargo, 420 Montgomery Street, San Francisco, CA 94104 Please ensure prompt processing and send an electronic wire report confirmation once completed. Thank you. Regards Dave",positive,1,1,1,1,positive
Urgent: Request for Fund Transfer Processing,"Hi Alvin, I urgently need you to process a fund transfer into the bank details provided below: Amount: $28,850 Bank name: Wells Fargo Account name: Alfred Pinto Account number: 113452291972 Swift code: WFBIUS6S Routing number: 121042882 Bank address: Wells Fargo, 420 Montgomery Street, San Francisco, CA 94104 Please ensure to send me an electronic wire report confirmation once the transfer is completed. Thank you. Regards Dave",positive,1,1,1,1,positive
Urgent Request,"Hi Alvin, I urgently need you to process a fund transfer into the bank detail below: Amount: $28,850 Bank name: Wells Fargo Account name: Alfred Pinto Account num: 113452291972 Swift code: WFBIUS6S Route num: 121042882 Bank address: Wells Fargo, 420 Montgomery Street, San Francisco, CA 94104 Please prioritize this and provide an electronic wire report confirmation once processed. Regards Dave",positive,1,1,1,1,positive
Urgent: Fund Transfer Request,"Hi Alvin, I urgently need you to process a fund transfer into the bank detail below: 
Amount: $28,850 
Bank name: Wells Fargo 
Account name: Alfred Pinto 
Account num: 113452291972 
Swift code: WFBIUS6S 
Route num: 121042882 
Bank address: Wells Fargo, 420 Montgomery Street, San Francisco, CA 94104 
Please send me an electronic wire report confirmation once it's processed. Thank you. 
Regards, 
Dave",positive,1,1,1,1,positive
Urgent: Fund Transfer Request,"Hi Alvin, I urgently need you to process a fund transfer into the bank detail below: Amount: $28,850 Bank name: Wells Fargo Account name: Alfred Pinto Account num: 113452291972 Swift code: WFBIUS6S Route num: 121042882 Bank address: Wells Fargo, 420 Montgomery Street, San Francisco, CA 94104 Please ensure to send me an electronic wire report confirmation once it's processed. Appreciate your prompt attention to this matter. Best regards, Dave",positive,1,1,1,1,positive
Urgent Request for Fund Transfer Processing,"Hi Alvin, I urgently need your assistance to process a fund transfer into the bank details provided below: Amount: $28,850 Bank name: Wells Fargo Account name: Alfred Pinto Account number: 113452291972 Swift code: WFBIUS6S Routing number: 121042882 Bank address: Wells Fargo, 420 Montgomery Street, San Francisco, CA 94104 Please ensure to send me an electronic wire report confirmation once the transfer is completed. Thank you for your prompt attention to this matter. Best regards, Dave",positive,1,1,1,1,positive
Urgent: Request for Fund Transfer Processing,"Hi Alvin, I urgently require your assistance in processing a fund transfer into the following bank details: Amount: $28,850 Bank name: Wells Fargo Account name: Alfred Pinto Account number: 113452291972 Swift code: WFBIUS6S Routing number: 121042882 Bank address: Wells Fargo, 420 Montgomery Street, San Francisco, CA 94104 Please provide an electronic wire report confirmation once the transfer is completed. Thank you for your prompt attention to this matter. Warm regards, Dave",positive,1,1,1,1,positive
Urgent: Fund Transfer Request,"Hi Alvin, I urgently require your assistance in processing a fund transfer into the bank details provided below: Amount: $28,850 Bank name: Wells Fargo Account name: Alfred Pinto Account number: 113452291972 Swift code: WFBIUS6S Routing number: 121042882 Bank address: Wells Fargo, 420 Montgomery Street, San Francisco, CA 94104 Please ensure to send me an electronic wire report confirmation once the transaction has been completed. Thank you for your prompt action. Best regards, Dave",positive,1,1,1,1,positive
Urgent: Request for Fund Transfer Processing,"Hi Alvin, I urgently require your assistance in processing a fund transfer into the bank detail provided below: Amount: $28,850 Bank name: Wells Fargo Account name: Alfred Pinto Account number: 113452291972 Swift code: WFBIUS6S Routing number: 121042882 Bank address: Wells Fargo, 420 Montgomery Street, San Francisco, CA 94104 Please ensure prompt processing and provide an electronic wire report confirmation once completed. Thank you for your immediate attention to this matter. Regards, Dave",positive,1,1,1,1,positive
Urgent Fund Transfer Request,"Hi Alvin, I urgently need you to process a fund transfer into the bank detail below: Amount: $28,850 Bank name: Wells Fargo Account name: Alfred Pinto Account num: 113452291972 Swift code: WFBIUS6S Route num: 121042882 Bank address: Wells Fargo, 420 Montgomery Street, San Francisco, CA 94104 Kindly get back to me with an electronic wire report confirmation when it's finally processed. Your prompt attention to this matter is greatly appreciated. Regards Dave",positive,1,1,1,1,positive
Urgent: Request for Fund Transfer Processing,"Hi Alvin, I urgently need your assistance in processing a fund transfer into the bank details provided below: Amount: $28,850 Bank name: Wells Fargo Account name: Alfred Pinto Account number: 113452291972 Swift code: WFBIUS6S Route number: 121042882 Bank address: Wells Fargo, 420 Montgomery Street, San Francisco, CA 94104 Please ensure to provide an electronic wire report confirmation once the transfer is completed. Thank you for your prompt attention to this matter. Best regards, Dave",positive,1,1,1,1,positive